"Штрих-код";"Товар";"Точек без продаж";"Доля из 11";"Точки и остаток, кг";"Решение"
"4823077636738";"Рошен Цукерки Ромашка 1 кг (2кг)";"7";"64";"Астрономічна 44Г 0.486; Бучми 32 0.570; Валентинівська 24 0.541; Зубенко 23 0.622; Михайля Семенка 17 0.678; Нескорених 33 0.819; Тракторобудiвникiв 95 0.588";""
"4823105815890";"АВК Королівський Шарм з Горіховим Кремом 1кг (2,2)";"4";"36";"Астрономічна 44Г 0.608; Бучми 52 0.640; Гвардійців Широнінців 54 0.725; Тракторобудiвникiв 95 0.806";""
"4820187435573";"АВК Цукерки Флоренс Пряжене Молоко 1кг (2,2)";"3";"27";"Астрономічна 44Г 0.722; Михайля Семенка 17 0.893; Шевченко 341 0.991";""
"4820231110196";"Волхов Печиво Шоколатьє (2кг) 1кг";"3";"27";"Астрономічна 44Г 0.948; Бучми 52 0.690; Шевченко 341 0.352";""
"4820002306674";"ХБФ Трубочки з Молоком 1 кг";"3";"27";"Бучми 32 0.782; Нескорених 33 0.914; Тракторобудiвникiв 95 0.536";""
"4823105815876";"АВК Королівський Шарм Вершковий Крем 1кг (2,2)";"3";"27";"Бучми 52 0.358; Бучми Джерело 0.388; Шевченко 341 0.980";""
"4820231110547";"Волхов Печиво Вівсяне (4кг) 1 кг";"2";"18";"Бучми 52 0.737; Валентинівська 24 0.753";""
"4820176560339";"Галіція Вафельні Рулетики Ваніль (1,5кг в ящ) 1кг";"2";"18";"Бучми 52 0.876; Гвардійців Широнінців 54 0.570";""
"4820163110561";"Золоте Зерно Печиво Маріо 1 кг";"2";"18";"Астрономічна 44Г 0.554; Тракторобудiвникiв 95 0.530";""
"4820177032750";"Золоте Зерно Цукерки глаз.Пташине Молоко 1кг";"2";"18";"Бучми 32 0.658; Бучми 52 0.742";""
"4820132920924";"Галіція Пряник Солодка Долина Чорний Принц (2,4кг в ящ) 1кг";"1";"9";"Шевченко 341 0.428";""
"4820231110103";"Волхов Пряник з Повидлом (4кг) 1 кг";"1";"9";"Бучми 32 0.658";""
"4820176560346";"Галіція Вафельні Рулетики Пряжене Молоко (1,5кг в ящ) 1кг";"1";"9";"Бучми Джерело 1.000";""
"4820132921303";"Галіція Печиво Солодка Долина Зірочка (2,2кг в ящ) 1кг";"1";"9";"Гвардійців Широнінців 54 0.995";""
"4820177031753";"Золоте Зерно Зефір Жако В Глазурі 1кг";"1";"9";"Гвардійців Широнінців 54 0.995";""
"4820177032620";"Золоте Зерно Цукерки Вафельні Жак Хрусто 1кг";"1";"9";"Михайля Семенка 17 0.931";""
"4823105819409";"АВК Цукерки Флоренс з Арахісом 1кг";"1";"9";"Нескорених 33 0.608";""
"4820235880798";"Золоте Зерно Тросник зі Згущ. Молоком 1 кг";"1";"9";"Шевченко 341 0.893";""
