barcode;pname;unit_type;step_seychas;moda;prihodov;kratnyh;dolya_kratnyh;q_min;q_max;q_avg
4820182064821;До Бочкового Кальмар Сушений 1кг;ves_plav;0.1;10.0;72;72;1.0;10.0;20.0;10.556
4820021572968;Теплі Моря Лососева Соломка зі Смаком Креветки Сол/Суш 1кг;ves_fix;1.0;10.0;64;64;1.0;10.0;30.0;13.75
4820021573200;Теплі Моря Бастурма Карпатська Сол/Суш 1кг;ves_fix;1.0;5.0;34;34;1.0;5.0;15.0;5.588
2978950033424;ХБФ Цукерки Ананасні 1 кг (1);ves_fix;1.0;8.0;34;34;1.0;8.0;16.0;8.706
2978950033448;Сулугуні Соломка з Угорськими Прянощами 1кг;ves_plav;0.1;1.0;30;30;1.0;1.0;3.0;1.367
4823105807062;АВК Цукерки Трюфель Молочний 1кг;ves_fix;1.0;6.0;28;28;1.0;6.0;36.0;7.929
2984670055356;Сулугуні Соломка Українські Страви 1кг;ves_plav;0.1;1.0;27;27;1.0;1.0;3.0;1.333
4823105802494;АВК Цукерки Труфальє 1кг;ves_fix;1.0;6.0;27;27;1.0;6.0;36.0;8.222
2978950021100;Сулугуні Соломка зі Спеціями 1кг;ves_plav;0.1;1.0;26;26;1.0;1.0;3.0;1.192
2984670043667;Сулугуні Соломка Папріка-Мікс 1кг;ves_plav;0.1;1.0;26;26;1.0;1.0;3.0;1.192
2984670062132;Теплі Моря М*ясні Смужки Пармезан Сол/Суш 1кг;ves_fix;1.0;5.0;26;26;1.0;5.0;25.0;6.731
4820112367145;ХБФ Цукерки Мірель 1 кг;ves_fix;1.0;8.0;24;24;1.0;8.0;16.0;9.333
4823088407808;ХБФ Цукерки Шпаки 1кг;ves_fix;1.0;8.0;19;19;1.0;8.0;40.0;11.789
4820026675862;ХБФ Карамель Дюшес 1 кг;ves_fix;1.0;8.0;17;17;1.0;8.0;16.0;8.471
2984670064372;Риба Салака Шведська х/к 1кг;ves_plav;0.1;3.0;16;16;1.0;3.0;21.0;11.063
2984670064358;Риба Шпроти г/к 1кг;ves_plav;0.1;3.0;12;12;1.0;3.0;15.0;8.5
2984670062125;Теплі Моря Лососева Соломка зі Смаком Раки Сол/Суш 1кг;ves_fix;1.0;10.0;11;11;1.0;10.0;10.0;10.0
4820112366254;ХБФ Цукерки Забодайка Згущене Молоко 1 кг;ves_fix;1.0;8.0;10;10;1.0;8.0;16.0;9.6
2984670065454;Риба Вомер (200-300) х/к 1кг;ves_plav;0.1;5.0;9;9;1.0;5.0;5.0;5.0
2984670069919;Риба Скумбрія х/к б/г (600+)  1кг;ves_plav;0.1;3.0;6;6;1.0;3.0;6.0;4.0
2984670064921;Риба Скумбрія х/к б/г (500+)  1кг;ves_plav;0.1;3.0;5;5;1.0;3.0;12.0;6.6
2984670064907;Риба Окунь г/к 1кг;ves_plav;0.1;3.0;5;5;1.0;3.0;6.0;3.6
2984670064624;Риба Вомер В'ялений 1кг;ves_plav;0.1;5.0;5;5;1.0;5.0;10.0;6.0
2984670057107;Теплі Моря Рибні Палички Фірмові Ікряник Сол/Суш 1 кг;ves_fix;1.0;10.0;69;68;0.986;9.0;30.0;13.174
2978950021148;Овочі/Фрукти Банан 1кг;ves_plav;0.1;18.5;264;256;0.97;18.0;37.0;25.627
4820253632430;До Бочкового Арахіс Солодкий Перець Чилі 1кг;ves_fix;1.0;10.0;90;87;0.967;5.0;35.0;13.944
4820182064760;До Бочкового Жовтосмугастий Селар 1кг;ves_plav;0.1;10.0;118;114;0.966;0.89;40.0;14.957
4820026675855;ХБФ Карамель Барбарис 1 кг;ves_fix;1.0;8.0;64;61;0.953;0.56;24.0;11.329
4820182064708;До Бочкового Анчоуси 1кг (10);ves_plav;0.1;10.0;58;55;0.948;0.45;10.0;9.628
4820112367152;ХБФ Цукерки Ніколь 1 кг;ves_fix;1.0;8.0;58;55;0.948;0.56;16.0;9.101
4820182064739;До Бочкового Путасу з Перцем(Янтарна) 1кг;ves_plav;0.1;10.0;75;71;0.947;0.235;20.0;10.511
4820182062025;До Бочкового Арахіс Сир 1кг;ves_fix;1.0;10.0;106;100;0.943;0.26;30.0;13.723
4820182062032;До Бочкового Арахіс Бекон 1кг;ves_fix;1.0;10.0;110;103;0.936;0.32;30.0;13.088
2984670064365;Риба Мойва х/к 1кг;ves_plav;0.1;3.0;15;14;0.933;3.0;12.0;6.467
4823105816736;АВК Цукерки Mr.BlGuin 1кг;ves_fix;1.0;6.0;15;14;0.933;5.0;36.0;8.333
4820112367374;ХБФ Карамель Золотий Рачок 1 кг;ves_fix;1.0;8.0;54;50;0.926;1.0;16.0;9.891
4820112366247;ХБФ Цукерки Слобожанська Ромашка 1 кг;ves_fix;1.0;8.0;52;48;0.923;0.515;24.0;11.602
4820182062049;До Бочкового Арахіс Васабі 1кг;ves_fix;1.0;10.0;54;49;0.907;1.0;35.0;10.944
4820112366230;ХБФ Цукерки Слобожанська Ластівка 1 кг;ves_fix;1.0;8.0;29;26;0.897;0.39;24.0;11.179
4820112362140;ХБФ Карамель Молочно-Вершкова 1 кг;ves_fix;1.0;8.0;18;16;0.889;0.64;16.0;9.458
4820182064586;До Бочкового Кільця Кальмару Копчені 1кг (10);ves_plav;0.1;10.0;44;39;0.886;0.3;10.0;9.061
4820182062179;До Бочкового Фісташка Преміум 1кг;ves_fix;1.0;10.0;98;86;0.878;3.0;30.0;12.786
4820026675879;ХБФ Карамель М*ятна 1 кг;ves_fix;1.0;8.0;14;12;0.857;0.28;16.0;8.665
2984670057046;До Бочкового Ліпаріс Павутинка 1кг;ves_plav;0.1;10.0;25;20;0.8;0.12;20.0;8.786
2984670062118;Теплі Моря М*ясо Курки Червоний Перчик Сол/Суш 1 кг;ves_fix;1.0;10.0;41;30;0.732;5.0;25.0;9.634
4823105806270;АВК Повітряні Батончики Мажор Вишня 1кг (4);ves_fix;4.0;20.0;36;26;0.722;12.0;128.0;24.556
2984670068349;Риба Філе Оселедця х/к 1кг;ves_plav;0.1;6.0;7;5;0.714;3.0;9.0;6.0
4823088400922;ХБФ Цукерки Ясочка 1кг;ves_fix;1.0;8.0;10;7;0.7;1.17;40.0;9.357
4823090303099;ХБФ Вафлі Артек 1 кг;ves_fix;6.0;30.0;60;40;0.667;18.0;60.0;33.0
4820177030114;Золоте Зерно Зефір Жако З Фруктовою Начинкою 1кг;ves_fix;3.2;9.6;42;27;0.643;3.2;48.0;12.038
4820177031753;Золоте Зерно Зефір Жако В Глазурі 1кг;ves_fix;3.0;15.0;89;55;0.618;6.0;60.0;14.831
2978950021117;Сулугуні Суха Стружка зі Спеціями 1кг;ves_plav;0.1;1.0;13;8;0.615;0.5;1.5;0.885
4820177032781;Золоте Зерно Цукерки глаз.Пташине Молоко Крем-Какао 1кг;ves_fix;3.0;9.0;18;11;0.611;6.0;15.0;9.0
4820002306681;ХБФ Трубочки з Какао 1 кг;ves_fix;3.3;33.0;72;43;0.597;13.2;49.5;33.642
8711000688328;Якобз Сухе Молоко (1кг);ves_plav;0.1;3.0;17;10;0.588;1.0;4.0;2.588
4820002306643;ХБФ Вафлі Щедрики 1 кг;ves_fix;4.5;22.5;72;42;0.583;13.5;45.0;27.375
4820002301563;ХБФ Печиво Зоологічне 1 кг;ves_fix;5.0;25.0;57;33;0.579;10.0;40.0;22.105
4820169223708;Золоте Зерно Цукерки Леді Смородіна 1кг;ves_fix;2.0;6.0;14;8;0.571;4.0;50.0;10.857
4820182062759;До Бочкового Арахіс Смажений в Оболочці Бекон 1кг (5);ves_fix;1.0;5.0;7;4;0.571;0.615;5.0;3.302
4820002300856;ХБФ Печиво Марія 1 кг;ves_fix;5.0;25.0;57;32;0.561;5.0;50.0;23.596
4823105813452;АВК Ваф.Трубочки Бам-Бук Згущене Молоко 1кг (4,4);ves_fix;4.4;22.0;25;14;0.56;8.8;140.8;23.584
2984670064389;Риба Скумбрія х/к б/г (400/600г)  1кг;ves_plav;0.1;6.0;18;10;0.556;3.0;18.0;7.333
4823105815876;АВК Королівський Шарм Вершковий Крем 1кг (2,2);ves_fix;2.2;11.0;18;10;0.556;6.6;70.4;13.078
4820176560346;Галіція Вафельні Рулетики Пряжене Молоко (1,5кг в ящ)   1кг;ves_fix;1.5;30.0;9;5;0.556;30.0;60.0;42.5
4820163110561;Золоте Зерно Печиво Маріо 1 кг;ves_fix;1.5;7.5;82;45;0.549;1.5;15.0;6.878
4820078260894;Золоте Зерно Зефір Жако Біло-Рожевий 1кг;ves_fix;4.0;40.0;130;70;0.538;0.35;68.0;35.187
4820002306674;ХБФ Трубочки з Молоком 1 кг;ves_fix;3.3;33.0;69;37;0.536;16.5;49.5;31.183
4823105815890;АВК Королівський Шарм з Горіховим Кремом 1кг (2,2);ves_fix;2.2;11.0;28;15;0.536;2.2;70.4;11.157
2984670056896;Союз Печиво Сніжок 1кг;ves_fix;1.7;8.5;47;25;0.532;1.7;34.0;11.719
8711000669228;Якобз Кава Зернова (1кг);ves_plav;0.1;3.0;17;9;0.529;1.0;7.0;3.041
4820235880798;Золоте Зерно Тросник зі Згущ. Молоком 1 кг;ves_fix;3.2;16.0;39;20;0.513;3.2;16.0;13.128
2978950031475;Роганський МК Ковбаса Салямі Преміум н/к в/с 1кг (0,5);ves_plav;0.1;1.049;18;9;0.5;1.01;1.604;1.165
4823077604492;Рошен  Цукерки Шалена Бджілка 1кг;ves_fix;1.0;45.0;12;6;0.5;1.66;135.0;41.888
2984670061364;СУЛУГУНІ Сухий Рваний 1кг;ves_plav;0.1;25.0;10;5;0.5;20.0;40.0;27.5
4823077636738;Рошен  Цукерки Ромашка 1 кг (2кг);ves_fix;1.0;90.0;6;3;0.5;3.54;180.0;78.59
4820231110103;Волхов Пряник з Повидлом (4кг) 1 кг;ves_plav;0.1;40.0;80;39;0.487;20.0;120.0;40.0
4820182062018;До Бочкового Арахіс Сіль 1кг;ves_fix;1.0;20.0;126;61;0.484;1.0;40.0;16.634
4820002300429;ХБФ Печиво Шпаргалка 1 кг;ves_fix;6.0;30.0;48;23;0.479;18.0;60.0;29.125
4820231110165;Волхов Печиво Вівсяне Шоколадом (4кг) 1 кг;ves_plav;0.1;20.0;67;32;0.478;12.0;48.0;20.119
4820274150760;До Бочкового Грінки Хвилясті Сало з Хроном 1кг;ves_fix;1.0;10.0;91;43;0.473;5.0;20.0;8.846
4820177032750;Золоте Зерно Цукерки глаз.Пташине Молоко 1кг;ves_fix;2.7;13.5;60;28;0.467;8.1;21.6;11.43
4820274150777;До Бочкового Грінки Хвилясті Часник 1кг;ves_fix;1.0;10.0;103;48;0.466;3.0;20.0;8.136
4820177032620;Золоте Зерно Цукерки Вафельні Жак Хрусто 1кг;ves_fix;2.5;7.5;13;6;0.462;5.0;87.5;14.038
4823006707911;Рошен  Цукерки Сливки-Ленивки 1кг;ves_fix;1.0;20.0;11;5;0.455;2.0;72.0;25.364
4820002301587;ХБФ Крекер Ніжний 1 кг;ves_fix;4.0;12.0;31;14;0.452;8.0;24.0;13.935
4820241760107;Бойчак  Печиво Вушка Тонія 1кг;ves_fix;1.8;12.6;82;37;0.451;9.0;36.0;15.585
4820231110912;Волхов Печиво Харківське з Вишневим Мармеладом 1кг;ves_plav;0.1;20.0;20;9;0.45;4.0;40.0;22.8
4820231110547;Волхов Печиво Вівсяне (4кг) 1 кг;ves_plav;0.1;20.0;27;12;0.444;12.0;24.0;17.778
4820176560339;Галіція Вафельні Рулетики  Ваніль (1,5кг в ящ)   1кг;ves_fix;1.5;30.0;9;4;0.444;30.0;75.0;40.833
4820021572647;Теплі Моря М*ясо Курки з Гірчицею Сол/Суш 1 кг;ves_fix;1.0;15.0;67;29;0.433;0.5;35.0;17.993
4820169220370;Золоте Зерно Цукерки Пломбірні Глазуровані 1кг;ves_fix;2.5;7.5;21;9;0.429;5.0;77.5;11.667
4820132923789;Галіція Пряник Ніжність в конд.глазурі (2,4кг в ящ)    1кг;ves_fix;2.4;48.0;7;3;0.429;36.0;132.0;70.286
4820187435573;АВК Цукерки Флоренс Пряжене Молоко 1кг (2,2);ves_plav;0.1;6.6;7;3;0.429;6.6;70.4;17.286
2978950032885;Роганський МК Ковбаса Папероні с/к 1с (40мм) 1кг (0,3);ves_plav;0.1;1.148;7;3;0.429;0.792;1.148;0.97
2984670061371;СУЛУГУНІ Сухий Копчений Нитка 1кг;ves_plav;0.1;25.0;12;5;0.417;10.0;35.0;25.417
2984670055936;Глобино МК Ковбаса Салямі Золотиста с/к в/с в/п 1кг;ves_plav;0.1;2.881;44;18;0.409;1.172;15.454;4.112
2984670055929;Глобино МК Ковбаса Салямі Вікторія с/к в/п 1с 1кг;ves_plav;0.1;3.031;30;12;0.4;1.378;16.296;4.611
4823077602450;Рошен  Цукерки Корівка 1 кг;ves_fix;1.0;35.0;10;4;0.4;1.6;70.0;31.46
4823077624001;Рошен  Цукерки Канді Нат М*яка Карамель з Арахісом 1кг;ves_fix;1.0;36.0;10;4;0.4;0.168;43.0;20.776
2978950031833;Овочі/Фрукти Яблуко Голден 1кг;ves_plav;0.1;13.32;10;4;0.4;9.18;13.32;12.036
2984670055912;Глобино МК Ковбаса Брауншвейгська с/к в/с 1кг;ves_plav;0.1;2.958;41;16;0.39;0.653;16.409;4.226
2978950031543;Роганський МК Ковбаса Салямі Харківська в/с 1кг (0,6);ves_plav;0.1;1.426;18;7;0.389;0.95;2.396;1.546
4820289980093;Бойчак  Тістечка Кремові Подушечки 1кг (1,4кг);ves_fix;1.4;14.0;26;10;0.385;7.0;35.0;16.046
2984670073756;Риба Філе Оселедця с/с вагове 1кг;ves_plav;0.1;30.0;13;5;0.385;15.0;30.0;23.154
2984670057114;Теплі Моря Свинина По Козацьки Сол/Суш 1 кг(0,8);ves_fix;0.8;19.2;87;33;0.379;0.17;48.0;17.624
4820169221605;Золоте Зерно Мармелад Какаду 1кг;ves_fix;1.8;5.4;24;9;0.375;1.8;43.2;9.45
2978950039280;Роганський МК М*ясні Чіпси Курячі с/к в/с 1кг;ves_plav;0.1;1.099;16;6;0.375;0.396;2.117;1.01
4823077604294;Рошен  Цукерки Бім-Бом 1кг;ves_fix;1.0;24.0;8;3;0.375;0.92;72.0;28.115
4820132920238;Галіція Печиво Галіція Апельсин Біла Глазур 1кг;ves_fix;1.0;60.0;8;3;0.375;20.0;80.0;57.5
2984670059743;Безлюдовський МК Ковбаса Мадера в/с 1кг(0,3);ves_plav;0.1;3.15;19;7;0.368;2.15;18.75;4.942
4820157493984;Бойчак  Печиво Повітряний Десерт 1кг (1,2кг);ves_fix;1.2;8.4;44;16;0.364;2.4;30.0;8.973
2978950021209;Овочі/Фрукти Часник 1кг;ves_plav;0.1;10.0;25;9;0.36;1.23;10.3;8.757
2978950021087;Сулугуні Коса 1кг;ves_plav;0.1;2.115;17;6;0.353;1.0;2.13;1.588
2984670067540;Овочі/Фрукти Хурма 1кг;ves_plav;0.1;3.96;9;3;0.333;3.28;5.02;3.916
4820127651031;Риба Філе Оселедця По-Шведськи с/с в Олії (1,5кг в ящ)  1кг;ves_fix;1.5;12.0;22;7;0.318;6.0;30.0;13.364
4820231110196;Волхов Печиво Шоколатьє (2кг) 1кг;ves_fix;2.0;20.0;67;21;0.313;6.0;60.0;16.239
4820132920054;Галіція Печиво Галіція Вишня Тем.Глазур 1кг;ves_fix;1.0;60.0;10;3;0.3;20.0;80.0;52.0
2984670064648;Риба Салака с/с в Олії 1кг;ves_fix;3.0;30.0;17;5;0.294;3.0;39.0;20.294
2984670057091;Теплі Моря М*ясо Курки Пікантне Сол/Суш 1 кг;ves_fix;1.0;30.0;82;24;0.293;10.0;60.0;27.732
4820132920924;Галіція Пряник Солодка Долина Чорний Принц (2,4кг в ящ)   1кг;ves_fix;2.4;96.0;7;2;0.286;24.0;96.0;65.143
4823077633591;Рошен  Цукерки Монблан Цілий Лісовий Горіх 1 кг;ves_fix;1.0;36.0;7;2;0.286;4.0;36.0;15.429
2984670064334;Риба Корюшка В'ялена Дрібна 1кг;ves_plav;0.1;30.0;7;2;0.286;10.5;30.0;21.857
2984670058258;Безлюдовський МК Ковбаса Філейна вар.1с 1кг;ves_plav;0.1;15.1;7;2;0.286;4.15;35.0;14.179
4823077607332;Рошен  Цукерки Ко-Ко Шоко Вайт1кг;ves_fix;1.0;50.0;7;2;0.286;1.3;50.0;23.757
2978950031567;Роганський МК Ковбаса Салямі Київська 1с 1кг (0,5);ves_plav;0.1;1.465;11;3;0.273;1.366;1.94;1.593
2984670064341;Риба Хребти Лосося г/к 1кг;ves_plav;0.1;9.0;26;7;0.269;3.0;21.0;9.246
2978950015741;Волошкове Поле Сир Твердий Роттердам Классік 40% 1кг;ves_plav;0.1;2.35;27;7;0.259;2.05;2.535;2.29
2984670067557;Овочі/Фрукти Виноград Киш-Миш 1кг;ves_plav;0.1;5.0;12;3;0.25;3.83;7.24;5.148
4820100557824;Союз Печиво Сніжок 1кг;ves_fix;1.7;17.0;12;3;0.25;1.7;17.0;8.075
8714599109243;Якобз Айріш Капучино (1кг);ves_plav;0.1;3.0;8;2;0.25;0.615;4.0;2.177
2978950030478;Овочі/Фрукти Буряк 1кг;ves_plav;0.1;5.2;62;15;0.242;5.0;21.5;10.255
4820132920023;Галіція Печиво Галіція Апельсин Тем.Глазур 1кг;ves_fix;1.0;80.0;9;2;0.222;20.0;80.0;54.444
4820132920221;Галіція Печиво Галіція Вишня Біла Глазур 1кг;ves_fix;1.0;80.0;9;2;0.222;20.0;80.0;54.444
4820132921303;Галіція Печиво Солодка Долина Зірочка (2,2кг в ящ)  1кг;ves_fix;2.2;77.0;9;2;0.222;33.0;121.0;68.444
14590011520;Роганський МК Ковбаса Варена Лікарська в/с (синюга) 1кг (2,5);ves_plav;0.1;5.584;9;2;0.222;2.653;5.584;4.223
19513006904;Роганський МК Ковбаса Сервелат в/к в/с 1кг (0,7);ves_plav;0.1;2.0;29;6;0.207;1.287;6.534;2.297
4820231110011;Волхов Печиво Союзне (3кг) 1 кг;ves_fix;3.0;120.0;80;16;0.2;30.0;240.0;109.913
2978950021957;Овочі/Фрукти Огірок Корнішон 1кг;ves_plav;0.1;5.96;45;9;0.2;5.2;26.1;10.52
2984670064457;Риба Оселедець с/с (400г)  1кг;ves_fix;8.0;48.0;15;3;0.2;16.0;200.0;56.533
2984670064723;Риба Кілька п/п 1кг;ves_fix;5.0;50.0;10;2;0.2;5.0;50.0;24.5
2984670063528;Безлюдовський МК Ковбаса Брауншвейгська в/с с/к 1кг;ves_plav;0.1;4.7;5;1;0.2;1.0;4.7;2.57
2978950031581;Роганський МК Ковбаса Президентська н/к в/с (т/к) 1кг;ves_plav;0.1;1.406;5;1;0.2;0.733;1.406;1.006
2984670060930;Айсберг Плоскірка В'ялена Чищена 1кг;ves_plav;0.1;32.782;5;1;0.2;5.0;32.782;21.492
2978950022435;Овочі/Фрукти Морква 1кг;ves_plav;0.1;10.2;77;15;0.195;5.0;25.0;11.895
19230010208;Роганський МК Сардельки Богатирські в/с 1кг (1);ves_plav;0.1;3.208;36;7;0.194;1.881;6.009;4.247
2978950021131;Овочі/Фрукти Апельсин 1кг;ves_plav;0.1;14.5;203;39;0.192;5.0;40.9;16.108
21765002788;Роганський МК Ковбаса Золота с/к в/с 1кг (0,3);ves_plav;0.1;0.812;11;2;0.182;0.535;1.742;0.914
4823077611049;Рошен  Цукерки Канді Нат Нуга і М*яка Карамель з Арахісом(чорний) 1кг;ves_fix;1.0;35.0;11;2;0.182;0.86;50.0;20.715
2984670061609;Овочі/Фрукти Капуста 1кг;ves_plav;0.1;33.0;42;7;0.167;5.92;37.5;25.781
2984670058289;Безлюдовський МК Ковбаса Салямі Класична с/к 1с 1кг;ves_plav;0.1;19.1;6;1;0.167;1.47;19.1;7.437
2984670063962;Овочі/Фрукти Цибуля Ріпчаста 1кг;ves_plav;0.1;20.0;176;28;0.159;9.82;52.5;23.083
2984670058296;Безлюдовський МК Сосиски Зайченя в/с 1кг(0,5);ves_plav;0.1;6.1;27;4;0.148;1.0;33.3;9.927
2978950023432;Роганський МК Ковбаса Краківська ДСТУ н/к в/с 1кг (0,5);ves_plav;0.1;1.544;28;4;0.143;0.594;2.554;1.515
2984670060923;Айсберг Лящ В'ялений Чищ.з Ікрою 1кг;ves_plav;0.1;34.748;7;1;0.143;20.0;34.748;29.563
2978950031369;Роганський МК Сосиски Смачняшки в/с 1кг (0,5);ves_plav;0.1;2.495;50;7;0.14;1.624;8.197;3.036
21411008089;Роганський МК Сосиски Прикопчені1с (банани) 1кг (0,8);ves_plav;0.1;4.495;43;6;0.14;1.663;8.573;3.847
2978950031826;Овочі/Фрукти Яблуко Симиренко 1 кг;ves_plav;0.1;20.6;22;3;0.136;12.0;34.1;17.288
2984670032784;Роганський МК Ковбаса Варена Шкільна 1с(фабіас) 1кг (0,5);ves_plav;0.1;1.544;22;3;0.136;0.554;2.138;1.204
2978950031321;Роганський МК Крильця По-Фермерські к/в в/с ВМК 1кг (1);ves_plav;0.1;5.762;46;6;0.13;2.198;11.187;5.843
2984670063047;Безлюдовський МК Ковбаски Єгерські 1с 1кг;ves_plav;0.1;5.65;8;1;0.125;3.1;5.65;4.081
2984670058272;Безлюдовський МК Ковбаса Посольська н/к 1с 1кг(0,23);ves_plav;0.1;2.2;25;3;0.12;0.51;15.9;3.316
2978950021162;Овочі/Фрукти Лимон 1кг;ves_plav;0.1;9.75;277;31;0.112;2.33;23.77;11.926
2978950032861;Роганський МК Ковбаса Венеція с/к в/с 1кг (0,3);ves_plav;0.1;1.802;10;1;0.1;0.455;1.802;1.194
2978950031345;Роганський МК Сардельки Ніжні 1с(черева) ВМК 1кг (0,5);ves_plav;0.1;2.812;44;4;0.091;0.594;3.564;2.208
2984670058265;Безлюдовський МК Ковбаса Президентська н/к в/с 1кг(0,23);ves_plav;0.1;3.2;22;2;0.091;0.45;15.1;3.643
2978950021216;Овочі/Фрукти Груша 1кг;ves_plav;0.1;13.0;11;1;0.091;5.85;13.0;10.758
2978950031352;Роганський МК Сардельки Пармезан вар 1с(черева) 1кг (0,5);ves_plav;0.1;2.515;23;2;0.087;0.97;3.366;1.798
2984670063160;Овочі/Фрукти Картопля 1кг;ves_plav;0.1;45.0;255;22;0.086;9.0;257.5;81.805
2984670061180;Безлюдовський МК Сардельки Лікарські в/с 1кг(0,5);ves_plav;0.1;31.1;13;1;0.077;1.3;31.1;8.573
2978950036531;Овочі/Фрукти Яблуко Фуджи 1кг;ves_plav;0.1;19.6;152;11;0.072;5.0;48.6;17.515
2978950023449;Роганський МК Ковбаса Варена Любительська в/с ДСТУ (синюга) 1кг (2,5);ves_plav;0.1;8.672;15;1;0.067;2.891;8.672;5.164
2984670061203;Безлюдовський МК Сосиски Соковиті в/с 1кг(0,5);ves_plav;0.1;31.1;18;1;0.056;1.15;31.1;9.385
2984670063177;Овочі/Фрукти Кавун 1кг;ves_plav;0.1;97.5;18;1;0.056;19.1;97.5;41.767
2984670061197;Безлюдовський МК Сосиски Прикопчені 1с 1кг(0,5);ves_plav;0.1;31.2;19;1;0.053;1.0;31.2;9.166
2978950034841;Овочі/Фрукти Яблуко Чемпіон 1 кг;ves_plav;0.1;32.7;79;4;0.051;12.4;53.7;22.561
2978950021179;Овочі/Фрукти Помідор 1кг;ves_plav;0.1;24.1;89;4;0.045;5.0;31.6;12.642
2978950031482;Роганський МК Сосиски Шкільні вар в/с (черева) 1кг (0,5);ves_plav;0.1;5.92;31;1;0.032;1.307;5.92;2.633
2978950036166;Овочі/Фрукти Мандарин 1кг;ves_plav;0.1;37.52;153;3;0.02;7.57;80.42;26.669
2202287401640;Глобино МК Вуха По-Царськи 1с 1кг;ves_plav;0.1;15.961;54;1;0.019;1.58;15.961;6.228
